,0
서울,545
연기,429
학원,429
현황,426
센터,308
수,308
캐스팅,292
확인,292
스타,284
길,284
컴퍼니,284
그램,284
포인트,284
강남구,284
논현로,284
호,284
트레이닝,284
주,284
감사,284
인,284
추천,127
처리,102
국제,85
우체국,81
보통,65
성인,54
상세,53
발송,53
배송,44
일시,41
설명,37
우편,36
대기,33
준비,32
접수,29
중,28
정보,28
미국,26
일,25
질문,24
발,24
송국,24
소포,24
방송,23
오염,22
도착,21
물류,20
조회,20
직업,20
택배,20
자동차,20
횟수,20
부산,20
미세먼지,18
시간,18
월,17
부탁,16
관련,16
환경,16
시,16
경기,16
국,16
강남,16
진행,16
표,16
실,16
오디션,16
홈페이지,16
연습,16
내공,16
근처,16
탄소,16
인천,16
물질,16
천연가스,16
충북,12
어린이,12
곳,12
교환국,12
연기학,12
원추,12
어디,12
대구,12
버스,12
예정,12
광주,12
세관,12
문제,12
주말,12
집중국,12
전북,12
대,12
문,12
천,12
명,12
운,12
배우,12
대여,12
울산,12
후,12
소,12
공학,12
대전,12
컴퓨터,12
코드,12
한국,10
출발,8
송장,8
차이점,8
매연,8
면허,8
날짜,8
질소,8
보안,8
서울시,8
가격,8
반,8
위,8
대졸,8
전문가,8
보호,8
송편,8
기회,8
종사자,8
동,8
입학,8
포함,8
모드,8
관,8
입금,8
미,8
자료,8
통관,8
대학교,8
필리핀,8
뭐,8
취업,8
내,8
예약,8
음주운전,8
이산화,8
네트워크,8
참고,8
보급,8
수업,8
서비스,8
가능,8
기록,8
수송,8
쪽,8
강원,8
살,8
분,8
통과,8
소득,8
아래,8
등,8
과정,8
요일,8
경남,8
충전,8
화합물,8
전문학교,8
심사,8
일산,8
문의,8
규제,8
신청,8
부문,8
수준,6
구매,5
송사,4
해외,4
행방,4
아역,4
직무,4
출연,4
걸,4
게요,4
배,4
출고,4
시각,4
인데,4
안,4
언제,4
용도,4
카톡,4
목적,4
적용,4
꿈,4
열정,4
진원,4
급,4
입자,4
쥴,4
배기가스,4
인계,4
현재,4
검색,4
전화,4
문자,4
성내,4
정도,4
연락,4
예시,4
희망,4
사용,4
화사,4
등기,4
배달,4
여부,4
기초,4
현장,4
유해,4
흑연,4
실습,4
졸,4
취소,4
행정,4
심판,4
친구,4
압구정,4
술,4
평택,4
주차,4
교통,4
법규,4
위반,4
구체,4
수행,4
운전,4
이중,4
취미,4
결과,4
동대문,4
드라마,4
운송,4
공개,4
지망,4
내용,4
고수,4
매체,4
뮤지컬,4
이베이,4
전망,4
중반,4
향후,4
가스,4
배출,4
외,4
국내,4
영화,4
세미나,4
추천요,4
정책,4
아티스트,4
충남,4
대학원,4
환경부,4
관리자,4
시스템,4
분석가,4
특징,4
연봉,4
전국,4
종로구,4
경우,4
초미세,4
먼지,4
측정,4
승진,4
누리집,4
운영,4
실시간,4
예보,4
경보,4
통계,4
번호,4
프로젝트,4
점,4
위치,4
목,4
사랑,4
평균,4
공통점,4
국가,4
장학금,4
국장,4
학금,4
유형,4
중부,4
보관,4
토,4
장학,4
온라인,4
상담,4
지역,4
게,4
은평구,4
선물,4
발생,4
제공,4
환기,4
체조,4
티켓,4
전석,4
균일가,4
원,4
결제,4
꼭,4
나,4
코,4
거래,4
해당,4
건,4
버튼,4
클릭,4
시립,4
전자,4
전기,4
여자,4
통신,4
공학부,4
경기장,4
쇼핑,4
체육관,4
졸업,4
구분,4
공원,4
세종,4
전남,4
걸까요,4
내일,4
관심,4
활동,4
본교,4
참조,4
화,4
금요일,4
토요일,4
소녀,4
시대,4
콘,4
장,4
올림픽,4
실내,2
농도,2
일본,2
우리나라,2
영향,2
제어,2
연평균,2
공기,2
출처,2
지구,2
인류,2
오존,2
지수,1
종합,1
정상,1
기준,1
년,1
답변,1
회차,1
상품,1
