title,link
"[6·3 대선] 이준석 ‘젓가락 발언’ 후폭풍…현장선 ""그만하라"" 쓴소리",http://v.daum.net/v/20250530100029757
"이준석, 사전투표 부실 질문에 남긴 대답 [대선현장]",http://v.daum.net/v/20250530142802355
“대통령 누가 돼도 코스피 오른다”…대선 이후 증시 흐름은,http://v.daum.net/v/20250530153004805
"'매불쇼' 최욱, MBC라디오 대선 개표방송 '선택 2025' 진행",http://v.daum.net/v/20250530152342497
부산 오후 3시 사전투표율 26.12%…지난 대선 밑돌아,http://v.daum.net/v/20250530152411536
[속보] 둘째 날 3시 사전투표율 29.97%… 20대 대선보다 0.77%p↓,http://v.daum.net/v/20250530145647383
"제주, 대선 사전투표 열기 이틀째 이어져…전국 평균보다 높아[6·3 사전투표]",http://v.daum.net/v/20250530153024822
“대면 조사 반드시 필요”…대선 앞두고 검찰-김건희 줄다리기,http://v.daum.net/v/20250530144130834
'대선 D-4' 강원·충북으로…네거티브 공방 격화,http://v.daum.net/v/20250530151134987
충북 사전투표율 지난 대선 때보다 낮아,http://v.daum.net/v/20250530150240650
"""2030 표심 잡아라"" 대선 후보 게임 정책 모아보기",http://v.daum.net/v/20250530150349710
양당 대선 후보 충북서 격돌,http://v.daum.net/v/20250530145829455
대선 사전투표 이틀째...오후 3시 기준 투표율 29.97%,http://v.daum.net/v/20250530151200001
21대 대선 사전투표 이틀째...전국 투표율 20% 넘어,http://v.daum.net/v/20250530145217204
엄지 들어 보이는 이재명 대선 후보,http://v.daum.net/v/20250530152901751
"""갈라치기·물타기 난타전""…대선 막판 '네거티브' 격화",http://v.daum.net/v/20250530151305047
사전투표 둘째날 충남권 오후 2시 누적투표율 28.97%…지난 대선보다↓,http://v.daum.net/v/20250530145643379
춘천 선거유세 나선 이재명 민주당 대선 후보,http://v.daum.net/v/20250530151136988
"평일 사전투표 한계?…오후 2시 투표율 28.6%, 직전 대선 밑돌아",http://v.daum.net/v/20250530144003793
국힘 “국세청에 李 아들 도박 자금 출처 조사 요청할 것” [21대 대선],http://v.daum.net/v/20250530144505954
‘대선 D-4’ 민주 ‘낙동강 살리기’·국힘 ‘물환경보전법 개정’…영풍 석포제련소 타깃되나,http://v.daum.net/v/20250530145611345
김포·부천 대선 사전투표함에서 22대 총선 투표용지 발견,http://v.daum.net/v/20250530153001793
대선 D-4 막판 총력전...역대급 사전투표율에 해석 '제각각',http://v.daum.net/v/20250530131017908
권영국 “유시민 ‘설난영 발언’은 여성 혐오…엘리트 주의 반성하라” [21대 대선],http://v.daum.net/v/20250530144207853
"김문수 “이재명, 천박하고 잔인…” 대국민 호소 1분 요약 [대선현장]",http://v.daum.net/v/20250530151939334
사전투표율 정오 기준 25.79%…지난 대선보다 0.6%p↑,http://v.daum.net/v/20250530120138431
대선 D-4 여론조사로 보는 판세...마지막 변수는?,http://v.daum.net/v/20250530144017805
김정재 “이재명이 쏠 총알 한 발이 아깝지 않습니까” [대선현장],http://v.daum.net/v/20250530145549325
"김문수, 'MS노믹스' 발표…""일자리 중심 성장·복지"" [대선 2025]",http://v.daum.net/v/20250530150008513
[속보]김종인 “이준석은 15%…‘젓가락 발언’ 대선에 큰 영향 없다”,http://v.daum.net/v/20250530081848868
