no,title,link
0," “장염 아니었다”…몸 성장 막는 ‘이 병’, 10만명 고통 ",http://v.daum.net/v/20250520052457659
1, 설사 멎었다고 방심 금물! 장염 회복 3단계 가이드 ,http://v.daum.net/v/20250510150519029
2," 오가노이드사이언스 ""장 재생치료제, 난치성 베체트 장염 환자에 효과 확인"" ",http://v.daum.net/v/20250513135420035
3," '24시 헬스클럽' 정은지, 회원 입맛 살리려 '육해공 작전'…결국 급성 장염 [TV캡처] ",http://v.daum.net/v/20250507225304400
4, [위클리 건강] 장염이겠지? 오인 쉬운 이 질환…적극 치료로 삶의질 높여야 ,http://v.daum.net/v/20250517070028186
5," [48회이상백배] ‘장염투혼’ 이주영, “아파도 죽을 것처럼 뛰어야 한다” ",http://v.daum.net/v/20250517055209612
6," ‘여름건강 돌부리’ 장염, 손씻기·익힌 음식으로 극복 ",http://v.daum.net/v/20250507083836116
7," 배탈 일으키는 '장염', 손 잘 씻고 음식 익히면 괜찮아? ",http://v.daum.net/v/20250507090829201
8," 오가노이드사이언스, 난치성 장염 신약 성과에 강세 [Why바이오] ",http://v.daum.net/v/20250513144112109
9, 지역아동센터 곰팡이 핀 음식 제공? 아이들 장염까지... ,http://v.daum.net/v/20250514204929342
10, [1분건강] 장염인줄 알았는데 B형 독감…방치하면 병 키운다 ,http://v.daum.net/v/20250513165817895
11, 식중독에 이은 장염에도 선두 나선 박지영 ,http://v.daum.net/v/20250420081654083
12," 단독 1위 박지영, 유산균으로 컨디션 조절 ""최근 장염으로 고생"" ",http://v.daum.net/v/20250419185508511
13," 장염→밸런스 붕괴→2군행…단호한 국민타자 “이병헌 좋은 보고 안 들어와, 올릴 생각 없어” [오!쎈 잠실] ",http://v.daum.net/v/20250505121345030
14," [헬스S] ""급성장염엔 금식이 답?… 잘못된 속설입니다"" ",http://v.daum.net/v/20250328050111740
15," '부상 병동' 두산 또 악재…좌완 불펜 이병헌, 장염으로 1군 말소 ",http://v.daum.net/v/20250325173935056
16," [k1.live] '에이스' 안데르손과 이별 앞둔 김은중 감독, ""구체적 오퍼 있지만, 티 안내고 열심히 해서 고맙다"" ",http://v.daum.net/v/20250527190422178
17," 리그 역사 쓴 두산 필승조, 작년에 너무 많이 던졌나… 아직도 2군에, 42살 베테랑에 의존하는 현실 ",http://v.daum.net/v/20250527140926005
18," [케터뷰] ""안데르손 공식 제안 있는 걸로 안다"" 수원FC 김은중 감독의 가장 큰 고민 ",http://v.daum.net/v/20250527190439186
19," 무더위 면역력 지키기 위해, 지금부터 꾸준히 먹어야 하는 것들 ",http://v.daum.net/v/20250527193030807
20," ""기회는 잡는것!"" '샵버지'김은중 감독,태극마크 단 '수엡 영건' 김도윤X이현용X황재윤X정승배X황인택 향한 진심 응원[K리그1 현장 인터뷰] ",http://v.daum.net/v/20250527190633220
21," 탈 강등권 급한데 'MVP 후보' 이적설, 김은중 감독 ""타 팀 오퍼 있었다... 대체 어려운 선수인데"" [수원 현장] ",http://v.daum.net/v/20250527190419173
22," “하늘이 시련을 주네요” 두산, 이병헌 장염 말소→시즌 초반부터 ‘불펜 운용’ 난관 [SS수원in] ",http://v.daum.net/v/20250325192453256
23," [헬스S] ""여름엔 김밥 한개도 조심해야 한다고요?"" ",http://v.daum.net/v/20250522050110441
24," ‘울고 싶어라’ 두산 또 악재 터졌다, 곽빈→홍건희→이병헌까지 1군 말소 “장염으로 휴식 필요” [오!쎈 수원] ",http://v.daum.net/v/20250325172121393
25, [아미랑] 암 치료 위해 ‘장’을 관리하라던데… 어떻게? ,http://v.daum.net/v/20250527085030155
26," [k1.live] ‘11G 무승’ 서울 징크스 깬다! 김은중 감독, “프로라면 이겨내야 한다” ",http://v.daum.net/v/20250524163539787
27," 가공식품 많이 먹더니… 2030 소화기 큰일, “복통 4주 이상 지속되면 병원 가야” ",http://v.daum.net/v/20250518190331387
28, 겨울철 영유아 '바이러스성 장염' 주의해야 ,http://v.daum.net/v/20250214175922705
29," ‘스트레스 호르몬’ 코르티솔, 적을수록 좋지 않나? “과잉보다 부족이 더 문제” [멍멍냥냥] ",http://v.daum.net/v/20250517100330750
30," 이병헌도 장염 이탈 불펜 악재, 이승엽 감독 “있는 선수들로 버텨야”[스경X현장] ",http://v.daum.net/v/20250325175923732
31, 만성 장염으로 고생한다면 놓치지 말아야 할 ‘이것’ ,http://v.daum.net/v/20250220060020103
32," 과민성장증후군으로 오해?… 과도한 염증으로 10∼20대 괴롭히는 염증성 장질환 [필수 건강, 이것만!] ",http://v.daum.net/v/20250517144453094
33," 내복사근→팔꿈치→장염→감기 몸살…불운도 이런 불운이 없다, ‘단독 꼴찌’ 두산 왜 2년 연속 부상에 신음하나 ",http://v.daum.net/v/20250401104120540
34, 초가공 식품 섭취 많은 2030…평생 ‘장 질환’ 위험 [건강한겨레] ,http://v.daum.net/v/20250519154018719
35, “무서워서 속옷 더 챙겨야” 갑자기 ‘부글부글’ 설사…환자 증가 ‘비상’ ,http://v.daum.net/v/20250516150917978
36, [GOAL 상암] 서울 김기동 감독 “후반전 안데르손과 문선민의 대결 될 것”…수원FC 김은중 감독 “빠른 공수 전환으로 서울 공략하겠다” ,http://v.daum.net/v/20250524161503458
37," '비혼모' 사유리, 생활고 고백→장염 투병까지…""젠 미안해"" 죄책감 ",http://v.daum.net/v/20250225135022374
38," [현장인터뷰]""상암 원정 이겨낼 시기"" 김은중 감독의 의지...안데르손 선발 제외는 ""전술적인 이유, 후반 출격 대기"" ",http://v.daum.net/v/20250524163015719
39," 김기동 ""둑스 데뷔골→서울 공격진 자신감 생겼다""... 김은중 ""이제 원정 징크스 깰 시간""[서울톡톡] ",http://v.daum.net/v/20250524161537476
40, 염증성장질환 네 명 중 한 명은 2030 [건강 나침반] ,http://v.daum.net/v/20250519072305050
41," ""하늘에서 시련을 준다"" 두산 '핵심 좌완' 이병헌, 1군 엔트리 말소…사유는 장염 [MD수원] ",http://v.daum.net/v/20250325173257821
42," ""윽, 화장실 좀…"" 사라졌다 다시 생기는 '이 병' 2030 덮쳤다 ",http://v.daum.net/v/20250514122506085
43, [IS 상암] ‘조커 대기 중’ 벤치에 앉은 문선민-안데르손…“두 선수의 후반 대결일 듯” ,http://v.daum.net/v/20250524161902515
44, 사유리 “아들 젠에 장염 옮겨...미안해” ,http://v.daum.net/v/20250225212103840
45, 금식이 답일까? 장염 걸렸을 때 회복을 돕는 식사법 ,http://v.daum.net/v/20250115170609255
46, [IS 상암] ‘린가드 버럭’ 상대 선수 신경전 뒤 교체 OUT…서울은 황당 실책으로 1-1 무승부 ,http://v.daum.net/v/20250524182629369
47," 오가노이드사이언스 재생치료제, 난치성 환자 모두 증상 개선 ",http://v.daum.net/v/20250513100806545
48," ""하늘이 시련을 주시네"" 두산 이병헌까지 장염 말소, 이승엽 감독은 헛웃음만 ""이겨내야죠"" [IS 수원] ",http://v.daum.net/v/20250325172924690
49," 장영란, 급장염에도 딸 위해 진수성찬 생일상 ""빌빌거려도 차려야 돼"" ",http://v.daum.net/v/20250209143122094
