no,title,link,thumnail_link,width,height
1,"그로쓰, 참K 소주 인도네시아 식약청 허가 취득 및 9월 수출 개시",http://imgnews.naver.net/image/5585/2024/09/06/0000117648_001_20240906221417518.jpg,https://search.pstatic.net/common/?type=b150&src=http://imgnews.naver.net/image/5585/2024/09/06/0000117648_001_20240906221417518.jpg,849,335
2,[술술상점] 맹개술도가 안동 진맥 소주 53도 200ml 통밀 증류주 : 술술상점st,http://shop1.phinf.naver.net/20250509_10/1746785542217yrD7y_JPEG/80918483326528834_1177488834.jpg,https://search.pstatic.net/common/?type=b150&src=http://shop1.phinf.naver.net/20250509_10/1746785542217yrD7y_JPEG/80918483326528834_1177488834.jpg,1000,1000
3,웹진 인벤 : 지역별 대표 소주 - 오픈이슈갤러리 지역별 대표 소주,https://upload3.inven.co.kr/upload/2025/03/06/bbs/i1408564153.jpg?MW=800,https://search.pstatic.net/sunny/?type=b150&src=https://upload3.inven.co.kr/upload/2025/03/06/bbs/i1408564153.jpg?MW=800,585,875
4,봄바람 따라 떠나는 전국일酒 여행 봄바람 따라 떠나는 전국일酒 여행	,https://phinf.pstatic.net/dthumb/?src=%22https%3A%2F%2Fshop-phinf.pstatic.net%2F20231114_223%2F1699944276716tcWws_JPEG%2FgVtxp_101353_1.jpg%22&service=selective&type=f480_480_q90,https://search.pstatic.net/sunny/?type=b150&src=https://phinf.pstatic.net/dthumb/?src=%22https%3A%2F%2Fshop-phinf.pstatic.net%2F20231114_223%2F1699944276716tcWws_JPEG%2FgVtxp_101353_1.jpg%22&service=selective&type=f480_480_q90,480,480
5,과일소주는 먹을만한가,https://i2.ruliweb.com/img/22/01/15/17e5e370eb249f922.jpg,https://search.pstatic.net/sunny/?type=b150&src=https://i2.ruliweb.com/img/22/01/15/17e5e370eb249f922.jpg,530,677
6,논란의 그 사진 소주 맥주 패키지 팩트체크 - DogDrip.Net 개드립,https://www.dogdrip.net/dvs/d/22/02/14/f6ba250eabc0368d72dacde664646d50.jpg,https://search.pstatic.net/sunny/?type=b150&src=https://www.dogdrip.net/dvs/d/22/02/14/f6ba250eabc0368d72dacde664646d50.jpg,850,831
7,[5+1] 캘리그라피 주문제작 소주잔 술잔 커스텀 캠핑술잔 특이한술잔 이니셜각인 : 불티나리 굿즈,http://shop1.phinf.naver.net/20241227_135/1735271977624W3IiG_JPEG/5539560711732362_1346336970.jpg,https://search.pstatic.net/common/?type=b150&src=http://shop1.phinf.naver.net/20241227_135/1735271977624W3IiG_JPEG/5539560711732362_1346336970.jpg,2252,3055
8,안동소주 일품 미주서 인기 - 미주중앙일보 안동소주 일품 미주서 인기,https://www.koreadaily.com/data/photo/originals/2021/11/03/003022751.jpg,https://search.pstatic.net/sunny/?type=b150&src=https://www.koreadaily.com/data/photo/originals/2021/11/03/003022751.jpg,500,544
9,외국인들이 본 소주의 효능 - DogDrip.Net 개드립,https://www.dogdrip.net/dvs/d/24/12/04/fcb561e527a5ad6b725036f991c89ff5.webp,https://search.pstatic.net/sunny/?type=b150&src=https://www.dogdrip.net/dvs/d/24/12/04/fcb561e527a5ad6b725036f991c89ff5.webp,1284,2282
10,뚱 소주 파인애플 샤베트 350ml : 야참푸드,http://shop1.phinf.naver.net/20250514_49/1747191179093H5b34_JPEG/1708136197742830_484854194.jpg,https://search.pstatic.net/common/?type=b150&src=http://shop1.phinf.naver.net/20250514_49/1747191179093H5b34_JPEG/1708136197742830_484854194.jpg,1000,1000
11,대왕소주잔 큰소주잔 소주한병잔 : 이모든스토어,http://shop1.phinf.naver.net/20220227_154/1645952186663AoNWD_JPEG/47087970360451378_1921376673.jpg,https://search.pstatic.net/common/?type=b150&src=http://shop1.phinf.naver.net/20220227_154/1645952186663AoNWD_JPEG/47087970360451378_1921376673.jpg,1000,1000
12,"""마시기 편해서 원더풀""...과일소주, 해외 인기",http://imgnews.naver.net/image/092/2024/12/19/0002357130_001_20241219232216132.jpg,https://search.pstatic.net/common/?type=b150&src=http://imgnews.naver.net/image/092/2024/12/19/0002357130_001_20241219232216132.jpg,639,545
13,소주스티커 소주병 라벨 스티커 처음처럼 고광택 방수 1매 : 쓰리디인하,http://shop1.phinf.naver.net/20201203_255/16069698123109dFJ6_JPEG/8105658007752503_1853893168.jpg,https://search.pstatic.net/common/?type=b150&src=http://shop1.phinf.naver.net/20201203_255/16069698123109dFJ6_JPEG/8105658007752503_1853893168.jpg,1080,1080
14,40240독도37 K-소주 월드 골드메달 획득…울릉도 해양심층수 첨가 증류식 소주,http://imgnews.naver.net/image/5161/2025/05/09/0000364750_002_20250511191414424.jpg,https://search.pstatic.net/common/?type=b150&src=http://imgnews.naver.net/image/5161/2025/05/09/0000364750_002_20250511191414424.jpg,900,852
15,반다이 가챠 진로 참이슬 머스캣 소주병 모양 미니어처 키링 키홀더 : 달콤시럽,http://shop1.phinf.naver.net/20230221_121/1676990456983ADvOo_JPEG/4293140863549800_996962866.jpg,https://search.pstatic.net/common/?type=b150&src=http://shop1.phinf.naver.net/20230221_121/1676990456983ADvOo_JPEG/4293140863549800_996962866.jpg,800,800
16,출시 7개월 만에 1억 병? 미국 진출 앞둔 '국민 소주',https://static.hubzum.zumst.com/hubzum/2020/09/22/13/87fc2c012b9041c7821baab8e884e66c.jpg,https://search.pstatic.net/sunny/?type=b150&src=https://static.hubzum.zumst.com/hubzum/2020/09/22/13/87fc2c012b9041c7821baab8e884e66c.jpg,640,480
17,[팩트체크] 연말연시 술자리…소주 2병을 마셔도 덜 취한다?,http://imgnews.naver.net/image/001/2025/01/02/PYH2023022604850001300_P4_20250102072019618.jpg,https://search.pstatic.net/common/?type=b150&src=http://imgnews.naver.net/image/001/2025/01/02/PYH2023022604850001300_P4_20250102072019618.jpg,1024,682
18,소주 라벨 스티커 처음처럼 : 몽땅스케치,http://shop1.phinf.naver.net/20200223_32/15823899118610dyUQ_PNG/19750650487653011_552089309.png,https://search.pstatic.net/common/?type=b150&src=http://shop1.phinf.naver.net/20200223_32/15823899118610dyUQ_PNG/19750650487653011_552089309.png,1431,1431
19,[술술상점] 40240 독도소주 17도 375ml 증류식소주 : 술술상점st,http://shop1.phinf.naver.net/20250508_170/1746692154030ckEQG_JPEG/80824922179546125_2005890496.jpg,https://search.pstatic.net/common/?type=b150&src=http://shop1.phinf.naver.net/20250508_170/1746692154030ckEQG_JPEG/80824922179546125_2005890496.jpg,1000,1000
20,진로 소주병필로우 제로슈가 : 나라홈데코,http://shop1.phinf.naver.net/20241021_130/1729483045439yhl6k_JPEG/33911110654342442_1775690072.jpg,https://search.pstatic.net/common/?type=b150&src=http://shop1.phinf.naver.net/20241021_130/1729483045439yhl6k_JPEG/33911110654342442_1775690072.jpg,1800,1800
21,"한라산소주, 76주년 제주4.3 맞아 6번째 동백꽃 에디션 '평화의 봄'",http://imgnews.naver.net/image/5085/2024/03/28/0000181864_001_20240328162201168.png,https://search.pstatic.net/common/?type=b150&src=http://imgnews.naver.net/image/5085/2024/03/28/0000181864_001_20240328162201168.png,600,615
22,소주 컵 Drink Cup - Pixabay의 무료 사진,https://cdn.pixabay.com/photo/2021/08/05/08/52/soju-6523543_1280.jpg,https://search.pstatic.net/sunny/?type=b150&src=https://cdn.pixabay.com/photo/2021/08/05/08/52/soju-6523543_1280.jpg,719,1280
23,"오비맥주까지 해외 소주 전쟁 가세, 주류 3사 키워드는 '이형병'",http://imgnews.naver.net/image/5770/2024/09/20/0000043673_001_20240920085216375.jpg,https://search.pstatic.net/common/?type=b150&src=http://imgnews.naver.net/image/5770/2024/09/20/0000043673_001_20240920085216375.jpg,699,524
24,1 센시이즈백 소주 라벨 링 병 이벤트 스티커(최소구매수량 4개) : Sensibillism,http://shop1.phinf.naver.net/20220223_37/1645613175676bmFIm_JPEG/46749074380294439_609933752.jpg,https://search.pstatic.net/common/?type=b150&src=http://shop1.phinf.naver.net/20220223_37/1645613175676bmFIm_JPEG/46749074380294439_609933752.jpg,1000,1000
25,지역별 소주 브랜드 - 웃긴자료 ‥‥‥‥‥、 - 도탁스 (DOTAX) 지역별 소주 브랜드,https://t1.daumcdn.net/cafeattach/mEr9/04e55a52ddebd515778245729374046a5a198b99,https://search.pstatic.net/sunny/?type=b150&src=https://t1.daumcdn.net/cafeattach/mEr9/04e55a52ddebd515778245729374046a5a198b99,1388,1790
26,"제주 대표 소주 한라산, 신제품 '오늘도 부드럽게 오름' 출시",http://imgnews.naver.net/image/469/2025/01/06/0000842563_001_20250108143608945.jpg,https://search.pstatic.net/common/?type=b150&src=http://imgnews.naver.net/image/469/2025/01/06/0000842563_001_20250108143608945.jpg,640,888
27,각종 소주 미니어처 오비츠소품(ob11소품) : 해저로월,http://shop1.phinf.naver.net/20250318_239/1742286789888aHPIs_JPEG/17473242009586372_996150752.jpg,https://search.pstatic.net/common/?type=b150&src=http://shop1.phinf.naver.net/20250318_239/1742286789888aHPIs_JPEG/17473242009586372_996150752.jpg,1920,1920
28,진로 소주 5 가지 맛 담요 양털 따뜻한 담요 소파 던지기 담요 가정 침실 여행 침대보 이불 던지기,http://shopping.phinf.naver.net/main_5118346/51183466249.2.20250217195712.jpg,https://search.pstatic.net/common/?type=b150&src=http://shopping.phinf.naver.net/main_5118346/51183466249.2.20250217195712.jpg,1200,1200
29,"소주에 '헬시플레저'가 웬 말?…""제로 소주 일반 소주 둘 다 살 쪄""",http://imgnews.naver.net/image/5717/2024/05/29/0000016672_001_20240530153008566.jpg,https://search.pstatic.net/common/?type=b150&src=http://imgnews.naver.net/image/5717/2024/05/29/0000016672_001_20240530153008566.jpg,600,429
30,한병가득 대왕 소주잔 각인 인싸템 술꾼 엠티 파티 : 빛내는 사람들,http://shop1.phinf.naver.net/20240227_243/1709022323309JGyWe_JPEG/15624808120842686_1372353434.jpeg,https://search.pstatic.net/common/?type=b150&src=http://shop1.phinf.naver.net/20240227_243/1709022323309JGyWe_JPEG/15624808120842686_1372353434.jpeg,1000,1000
31,마지막 휴가 6일차 집에서 먹는회랑 소주 라면,https://i2.ruliweb.com/img/20/08/18/173fe8a5e4583901.jpg,https://search.pstatic.net/sunny/?type=b150&src=https://i2.ruliweb.com/img/20/08/18/173fe8a5e4583901.jpg,540,960
32,"에스비 캠핑 소주잔 스테인리스 2p 4p 구성 세트, 캠핑소주잔, 4개 - 캠핑주방 | 쿠팡",https://thumbnail7.coupangcdn.com/thumbnails/remote/492x492ex/image/vendor_inventory/ccaa/b6078957c82aa9a01051633d5596a87a0edaf8b7e2b7026e8fcfa58a7aae.jpg,https://search.pstatic.net/sunny/?type=b150&src=https://thumbnail7.coupangcdn.com/thumbnails/remote/492x492ex/image/vendor_inventory/ccaa/b6078957c82aa9a01051633d5596a87a0edaf8b7e2b7026e8fcfa58a7aae.jpg,492,492
33,소주병스티커 라벨지 처음처럼 소주라벨 이벤트 완전 방수 스티커 : 쓰리디인하,http://shop1.phinf.naver.net/20201203_236/1606974655216SUPio_JPEG/8110553767159014_1749739347.jpg,https://search.pstatic.net/common/?type=b150&src=http://shop1.phinf.naver.net/20201203_236/1606974655216SUPio_JPEG/8110553767159014_1749739347.jpg,1080,1080
34,다시는 소주를 못 먹어도 좋습니다 - 세리에매니아,https://cdn.mania.kr/serieamania/file/2504/freetalk_15773601_20250404235301_8b27eb29130f23a9_thumb.jpg,https://search.pstatic.net/sunny/?type=b150&src=https://cdn.mania.kr/serieamania/file/2504/freetalk_15773601_20250404235301_8b27eb29130f23a9_thumb.jpg,660,880
35,"오비맥주, 제주소주 인수…“카스와 글로벌 진출로 수출 역량 강화”",http://imgnews.naver.net/image/5641/2024/09/11/2024091180213_0_20240911173610894.jpg,https://search.pstatic.net/common/?type=b150&src=http://imgnews.naver.net/image/5641/2024/09/11/2024091180213_0_20240911173610894.jpg,640,655
36,소주라벨 라벨링 소주스티커 라벨지 제작 커스텀 6개세트 | 아이디어스 소주라벨 라벨링 소주스티커 라벨지 제작 커스텀 6개세트,https://image.idus.com/image/files/bb12dbf07a0349a5b838a24a1cc0f869_512.jpg,https://search.pstatic.net/sunny/?type=b150&src=https://image.idus.com/image/files/bb12dbf07a0349a5b838a24a1cc0f869_512.jpg,512,683
37,새로 나온 새로 소주 후기,https://i1.ruliweb.com/img/22/10/14/183d52e39033026d8.jpg,https://search.pstatic.net/sunny/?type=b150&src=https://i1.ruliweb.com/img/22/10/14/183d52e39033026d8.jpg,811,1440
38,야이 싯팔새끼들아 소주 한병추가 - 자유게시판 - 코인판,https://coinpan.com/files/attach/images/198/431/550/413/c065c774594f69bc987f798e203b0b50.jpg,https://search.pstatic.net/sunny/?type=b150&src=https://coinpan.com/files/attach/images/198/431/550/413/c065c774594f69bc987f798e203b0b50.jpg,3000,4000
39,소주병스티커 주문제작 | 아이디어스 아이디어스,https://image.idus.com/image/files/6ffd3f4f3d48488192bd19d60364c809.jpg,https://search.pstatic.net/sunny/?type=b150&src=https://image.idus.com/image/files/6ffd3f4f3d48488192bd19d60364c809.jpg,1200,1200
40,이야 소주 순 하네요 - 뽐뿌:자유게시판 이야 소주 순 하네요,https://cdn2.ppomppu.co.kr/zboard/data3/2024/0510/20240510201654_THkv4hIjqW.jpg,https://search.pstatic.net/sunny/?type=b150&src=https://cdn2.ppomppu.co.kr/zboard/data3/2024/0510/20240510201654_THkv4hIjqW.jpg,1800,4000
41,목로주점엔 됫병 소주가 있었다 [달곰한 우리말],http://imgnews.naver.net/image/469/2024/08/21/0000818904_001_20240822061321648.jpg,https://search.pstatic.net/common/?type=b150&src=http://imgnews.naver.net/image/469/2024/08/21/0000818904_001_20240822061321648.jpg,640,307
42,3 수집용 경월소주병 4홉 공병 고전 술병 빈병 옛날 소주병 옛날술병 : 6090추억상회,https://shop-phinf.pstatic.net/20250220_179/17400343615426Nfqy_JPEG/63898646530097468_1522600188.jpeg,https://search.pstatic.net/common/?type=b150&src=https://shop-phinf.pstatic.net/20250220_179/17400343615426Nfqy_JPEG/63898646530097468_1522600188.jpeg,1000,1000
43,오비맥주의 제주소주 인수소식 - kakaoTV 오비맥주의 제주소주 인수소식,http://img1.kakaocdn.net/kakaotv/KAKAOACCOUNT/1954828760/thumb/20240912184152,https://search.pstatic.net/sunny/?type=b150&src=http://img1.kakaocdn.net/kakaotv/KAKAOACCOUNT/1954828760/thumb/20240912184152,1080,1920
44,맞춤 소주병 방수 라벨 스티커 주문 제작 자유구성형 6pcs 1세트 85x85mm : 아이마이홈,http://shop1.phinf.naver.net/20250224_88/1740378594444zP2en_JPEG/11309862231218216_2074663939.jpg,https://search.pstatic.net/common/?type=b150&src=http://shop1.phinf.naver.net/20250224_88/1740378594444zP2en_JPEG/11309862231218216_2074663939.jpg,1000,1000
45,[주(酒)둥이] 소주병스티커 - 한라산 : 둥이스티커,http://shop1.phinf.naver.net/20220224_149/1645710996621JbDpl_JPEG/46846780334526398_1592835305.jpg,https://search.pstatic.net/common/?type=b150&src=http://shop1.phinf.naver.net/20220224_149/1645710996621JbDpl_JPEG/46846780334526398_1592835305.jpg,640,640
46,가평소주 - 가평소주 대표이미지,https://dbscthumb-phinf.pstatic.net/4776_000_3/20241211185030851_CO6DGXATT.png/fe87_691_i1.png?type=m4500_4500_fst,https://search.pstatic.net/common/?type=b150&src=https://dbscthumb-phinf.pstatic.net/4776_000_3/20241211185030851_CO6DGXATT.png/fe87_691_i1.png?type=m4500_4500_fst,3000,4500
47,"""프리미엄 증류식 소주 '원소주' 함께…IP사업 확장해갈 것입니다"" | TENANT news",http://tnnews.co.kr/wp-content/uploads/2024/11/v30.jpg,https://search.pstatic.net/sunny/?type=b150&src=http://tnnews.co.kr/wp-content/uploads/2024/11/v30.jpg,760,1139
48,완전방수 소주 스티커 청포도 자몽 과일소 주라벨 완전 방수 스티커 2 청포도에이슬,http://shopping.phinf.naver.net/main_5130271/51302718339.3.20241108234320.jpg,https://search.pstatic.net/common/?type=b150&src=http://shopping.phinf.naver.net/main_5130271/51302718339.3.20241108234320.jpg,1080,1080
49,한일소주병  공병 수집용소주병 빈병 옛날병 근대사 : 6090추억상회,https://shop-phinf.pstatic.net/20250228_273/1740717922600vqEkD_JPEG/30600404447663601_1414263328.jpeg,https://search.pstatic.net/common/?type=b150&src=https://shop-phinf.pstatic.net/20250228_273/1740717922600vqEkD_JPEG/30600404447663601_1414263328.jpeg,500,500
50,"지방 소주, 해외 판로 확보 '사활'",http://imgnews.naver.net/image/5119/2024/11/25/0000918507_001_20241125172211468.png,https://search.pstatic.net/common/?type=b150&src=http://imgnews.naver.net/image/5119/2024/11/25/0000918507_001_20241125172211468.png,580,358
51,"오비맥주, 제주소주 인수→카스 수출 확대…‘투트랙’ 통할까",http://imgnews.naver.net/image/5867/2024/09/13/0000031329_001_20240913050609837.jpg,https://search.pstatic.net/common/?type=b150&src=http://imgnews.naver.net/image/5867/2024/09/13/0000031329_001_20240913050609837.jpg,700,467
52,국민대표 소주 ‘처음처럼’에 강릉시 고향사랑기부제 홍보라벨 부착,http://imgnews.naver.net/image/087/2024/11/14/0001079573_001_20241114210554183.jpg,https://search.pstatic.net/common/?type=b150&src=http://imgnews.naver.net/image/087/2024/11/14/0001079573_001_20241114210554183.jpg,500,355
53,진로 참이슬 두방울잔 왕 대형 유리컵 소주잔 : 스토어 버터컵,http://shop1.phinf.naver.net/20250422_198/1745305601766OjSXQ_JPEG/42872853387315771_270943243.jpg,https://search.pstatic.net/common/?type=b150&src=http://shop1.phinf.naver.net/20250422_198/1745305601766OjSXQ_JPEG/42872853387315771_270943243.jpg,883,833
54,리틀핑거 미니어쳐 장식모형 납골당 소주 맥주 모형 한라산 1개,http://shopping.phinf.naver.net/main_5275235/52752351902.1.20250313052649.jpg,https://search.pstatic.net/common/?type=b150&src=http://shopping.phinf.naver.net/main_5275235/52752351902.1.20250313052649.jpg,640,640
55,진로가 소주 2021로 돌아왔습니다. 3D 모델 - TurboSquid 1775800,https://p.turbosquid.com/ts-thumb/9M/TqfbCO/nz/a/png/1629395767/1920x1080/fit_q99/afe89b45ec505ecb3bf128cc58c8a792496a7b10/a.jpg,https://search.pstatic.net/sunny/?type=b150&src=https://p.turbosquid.com/ts-thumb/9M/TqfbCO/nz/a/png/1629395767/1920x1080/fit_q99/afe89b45ec505ecb3bf128cc58c8a792496a7b10/a.jpg,1920,1080
56,토끼소주 토끼소주 골드 46도 375ml,http://shopping.phinf.naver.net/main_3315557/33155576618.20220627121531.jpg,https://search.pstatic.net/common/?type=b150&src=http://shopping.phinf.naver.net/main_3315557/33155576618.20220627121531.jpg,1000,1000
57,일본소주 - 에누리 가격비교,https://image.enuri.info/webimage_300/26061300000/26061310000/26061314985.jpg,https://search.pstatic.net/sunny/?type=b150&src=https://image.enuri.info/webimage_300/26061300000/26061310000/26061314985.jpg,500,500
58,소주병 라벨 스티커 딱 좋은데이 소주스티커 고광택 방수 1매 : 쓰리디인하,http://shop1.phinf.naver.net/20201203_92/1606972237375kvekB_JPEG/8108082899472004_1925031596.jpg,https://search.pstatic.net/common/?type=b150&src=http://shop1.phinf.naver.net/20201203_92/1606972237375kvekB_JPEG/8108082899472004_1925031596.jpg,1080,1080
59,오마누 반려동물간식 반려견간식 강아지소주 애견간식 : 오마누,http://shop1.phinf.naver.net/20250515_148/1747298331860me55k_JPEG/81431172233375150_571234551.jpg,https://search.pstatic.net/common/?type=b150&src=http://shop1.phinf.naver.net/20250515_148/1747298331860me55k_JPEG/81431172233375150_571234551.jpg,1000,1000
60,"[카드뉴스]""이모, 소주 한 잔 계산이요"" 가능해진다",http://imgnews.naver.net/image/5270/2024/05/28/20240528000004_0700_20240528082215673.png,https://search.pstatic.net/common/?type=b150&src=http://imgnews.naver.net/image/5270/2024/05/28/20240528000004_0700_20240528082215673.png,700,450
61,[술술상점] 모월 나랑소주 19도 300ml : 술술상점st,http://shop1.phinf.naver.net/20250507_2/1746611834425wg0Up_JPEG/80744698533555646_454587136.jpg,https://search.pstatic.net/common/?type=b150&src=http://shop1.phinf.naver.net/20250507_2/1746611834425wg0Up_JPEG/80744698533555646_454587136.jpg,1000,1000
62,진로 소주스티커 소주 라벨 스티커 소주병 1매 : 일상의품격,http://shop1.phinf.naver.net/20240613_29/1718253976381PxFeX_JPEG/24766404017648721_936963950.jpg,https://search.pstatic.net/common/?type=b150&src=http://shop1.phinf.naver.net/20240613_29/1718253976381PxFeX_JPEG/24766404017648721_936963950.jpg,1000,1000
63,커스텀 소주잔 : 윤좋아샵,http://shop1.phinf.naver.net/20240723_243/1721701352635tBmkT_PNG/69289804958529090_670504382.png,https://search.pstatic.net/common/?type=b150&src=http://shop1.phinf.naver.net/20240723_243/1721701352635tBmkT_PNG/69289804958529090_670504382.png,1080,1080
64,[술술상점] 케이알컴퍼니 40240 독도소주 동해22 22도 375ml  증류주 : 술술상점st,http://shop1.phinf.naver.net/20250508_204/1746693763825vpTOh_JPEG/73276962653874048_268732663.jpg,https://search.pstatic.net/common/?type=b150&src=http://shop1.phinf.naver.net/20250508_204/1746693763825vpTOh_JPEG/73276962653874048_268732663.jpg,1000,1000
65,소주 라벨 스티커 이벤트 홈파티 술자리 모임 인싸템 방수 1매 소주스티커 : 쓰리디인하,http://shop1.phinf.naver.net/20201203_283/1606972743546l6VIK_JPEG/8108589226142048_1028518078.jpg,https://search.pstatic.net/common/?type=b150&src=http://shop1.phinf.naver.net/20201203_283/1606972743546l6VIK_JPEG/8108589226142048_1028518078.jpg,1080,1080
66,맑은내일 운암 증류식소주 오크 32도 375ml - 에누리 가격비교,https://contents.lotteon.com/itemimage/20240122092656/LO/21/29/24/32/91/_2/12/92/43/29/2/LO2129243291_2129243292_1.jpg,https://search.pstatic.net/sunny/?type=b150&src=https://contents.lotteon.com/itemimage/20240122092656/LO/21/29/24/32/91/_2/12/92/43/29/2/LO2129243291_2129243292_1.jpg,1000,1000
67,토끼소주 샀다. - DogDrip.Net 개드립,https://www.dogdrip.net/dvs/d/22/02/16/7f8f2c380682f6dca980162804eadf26.jpg,https://search.pstatic.net/sunny/?type=b150&src=https://www.dogdrip.net/dvs/d/22/02/16/7f8f2c380682f6dca980162804eadf26.jpg,960,1280
68,"한 방울도 버리지 마세요… 남은 소주부터 맥주까지, 똑똑한 재활용법 11가지 | 위키트리 한 방울도 버리지 마세요… 남은 소주부터 맥주까지... ",https://cdnweb01.wikitree.co.kr/webdata/editor/202408/13/img_20240813200343_28321924.webp,https://search.pstatic.net/sunny/?type=b150&src=https://cdnweb01.wikitree.co.kr/webdata/editor/202408/13/img_20240813200343_28321924.webp,1200,675
69,경남의 100년 역사를 담은 한 잔! 국민의 술 소주,http://imgnews.naver.net/image/5221/2024/11/04/0000108276_001_20241108133616024.jpg,https://search.pstatic.net/common/?type=b150&src=http://imgnews.naver.net/image/5221/2024/11/04/0000108276_001_20241108133616024.jpg,320,240
70,울릉도 두번째식사술안주 오징어회 독도소주 말표청포도등 독도 사진,https://i1.ruliweb.com/img/21/09/14/17be25722a5862db.jpg,https://search.pstatic.net/sunny/?type=b150&src=https://i1.ruliweb.com/img/21/09/14/17be25722a5862db.jpg,800,1423
71,개인사업자도 소주·위스키 만든다,http://imgnews.naver.net/image/021/2025/02/12/0002689559_001_20250212114716058.jpg,https://search.pstatic.net/common/?type=b150&src=http://imgnews.naver.net/image/021/2025/02/12/0002689559_001_20250212114716058.jpg,650,848
72,"[롯데온] 명품안동소주 프리미엄 40도 500ml (26,900원/무배) - 뽐뿌:뽐뿌게시판 [롯데온] 명품안동소주 프리미엄 40도 500ml (26,900원/무배)",https://cdn2.ppomppu.co.kr/zboard/data3/2024/0910/20240910184136_c20yFNOi.jpg,https://search.pstatic.net/sunny/?type=b150&src=https://cdn2.ppomppu.co.kr/zboard/data3/2024/0910/20240910184136_c20yFNOi.jpg,1000,1000
73,이빵 대선 소주잔 20개세트 보관중 미사용 : 중고다팜,https://shop-phinf.pstatic.net/20250216_65/1739689740244tjqR5_JPEG/92461702525809794_835894528.jpg,https://search.pstatic.net/common/?type=b150&src=https://shop-phinf.pstatic.net/20250216_65/1739689740244tjqR5_JPEG/92461702525809794_835894528.jpg,1024,768
74,유리 소주잔 4P 세트 술잔 홈파티 양주잔 : 또와또82,http://shop1.phinf.naver.net/20241018_14/1729227842538smkBy_JPEG/63360631679307718_796638364.jpg,https://search.pstatic.net/common/?type=b150&src=http://shop1.phinf.naver.net/20241018_14/1729227842538smkBy_JPEG/63360631679307718_796638364.jpg,1002,1000
75,"팔로미, 홍성쌀로 만든 ‘홍성소주’ 출시 < 농업/경제 < 홍성신문 < 기사본문 - 홍성신문 내포타임즈 팔로미, 홍성쌀로 만든 ‘홍성소주’ 출시",https://cdn.hsnews.co.kr/news/photo/202409/121533_75325_3744.jpg,https://search.pstatic.net/sunny/?type=b150&src=https://cdn.hsnews.co.kr/news/photo/202409/121533_75325_3744.jpg,600,848
76,경상도 지역 뉴트로 소주 3종 | 음식 갤러리 경상도 지역 뉴트로 소주 3종 | 음식 갤러리 | 루리웹,https://i2.ruliweb.com/img/20/12/12/17652df35dc10b19d.jpg,https://search.pstatic.net/sunny/?type=b150&src=https://i2.ruliweb.com/img/20/12/12/17652df35dc10b19d.jpg,900,1200
77,[술테이너] 커스텀 미니어처 소주병+스티커 6p set | 아이디어스 아이디어스,https://image.idus.com/image/files/e70d970615544cf09b1874be11c219cd.jpg,https://search.pstatic.net/sunny/?type=b150&src=https://image.idus.com/image/files/e70d970615544cf09b1874be11c219cd.jpg,1200,1200
78,소주 라벨 스티커 소주병 주문 제작 좋은데이1 : 호탱감탱,http://shop1.phinf.naver.net/20221221_12/1671586229537vKBUh_JPEG/72722125256288180_1407115993.jpg,https://search.pstatic.net/common/?type=b150&src=http://shop1.phinf.naver.net/20221221_12/1671586229537vKBUh_JPEG/72722125256288180_1407115993.jpg,1000,1000
79,블라인드 | 블라블라: 삼겹살에 소주가 먹고 싶었는데 블라블라: 삼겹살에 소주가 먹고 싶었는데,https://d2u3dcdbebyaiu.cloudfront.net/uploads/atch_img/456/99dcd5e6c4cce4b9c33ec0f86a340291_res.jpeg,https://search.pstatic.net/sunny/?type=b150&src=https://d2u3dcdbebyaiu.cloudfront.net/uploads/atch_img/456/99dcd5e6c4cce4b9c33ec0f86a340291_res.jpeg,1280,1707
80,포퍼블릭 김홍도 변색 술잔 소주잔 위스키잔 세트 3P : for.public,https://shop-phinf.pstatic.net/20241119_30/1732025404661K79IC_JPEG/66158265780092653_456435237.jpg,https://search.pstatic.net/common/?type=b150&src=https://shop-phinf.pstatic.net/20241119_30/1732025404661K79IC_JPEG/66158265780092653_456435237.jpg,1000,1000
81,"소주업계에 부는 브랜드·디자인 리뉴얼 바람…""정체성 강화""",http://imgnews.naver.net/image/5093/2024/11/28/0000616062_001_20241128111413366.jpg,https://search.pstatic.net/common/?type=b150&src=http://imgnews.naver.net/image/5093/2024/11/28/0000616062_001_20241128111413366.jpg,553,713
82,변색 소주잔 예쁜 소주잔 인생 술잔 선물 : 캥거루의 잡화점,http://shop1.phinf.naver.net/20250310_86/1741586308519uD7lm_JPEG/17695381641576932_1578906677.jpg,https://search.pstatic.net/common/?type=b150&src=http://shop1.phinf.naver.net/20250310_86/1741586308519uD7lm_JPEG/17695381641576932_1578906677.jpg,1000,1000
83,소주 라벨 스티커 기본형 좋은데이 손가락 홈파티 술자리 인싸템 : 홀리노,http://shop1.phinf.naver.net/20231229_119/1703812768284JiItS_JPEG/104948547977048307_1623834298.jpg,https://search.pstatic.net/common/?type=b150&src=http://shop1.phinf.naver.net/20231229_119/1703812768284JiItS_JPEG/104948547977048307_1623834298.jpg,1000,1000
84,[5+1] 참이슬 B타입 / 스티커 소주병 방수스티커 라벨 라벨지 문구형 : 행복제작소.,https://shop-phinf.pstatic.net/20240810_267/1723276803878vD2OQ_JPEG/8906355695769129_1408632752.jpg,https://search.pstatic.net/common/?type=b150&src=https://shop-phinf.pstatic.net/20240810_267/1723276803878vD2OQ_JPEG/8906355695769129_1408632752.jpg,600,600
85,처음처럼 소주스티커 소주병 술병 페트 라벨 주문제작 송년회 행사 기념일 술자리 이벤트 : 희랑희랑 :-,http://shop1.phinf.naver.net/20240709_284/1720525104519fWmVi_JPEG/4354095359650556_132353045.jpg,https://search.pstatic.net/common/?type=b150&src=http://shop1.phinf.naver.net/20240709_284/1720525104519fWmVi_JPEG/4354095359650556_132353045.jpg,1181,1575
86,선양소주 라벨 2종 스티커주문제작 이벤트 소주스티커 : 희랑희랑 :-,http://shop1.phinf.naver.net/20240921_102/17268924425140mesO_JPEG/10721433367178149_1856802657.jpg,https://search.pstatic.net/common/?type=b150&src=http://shop1.phinf.naver.net/20240921_102/17268924425140mesO_JPEG/10721433367178149_1856802657.jpg,1181,1575
87,"40240 독도소주, ‘독도의 날’ 추모행사 제향주로 지정",http://imgnews.naver.net/image/662/2024/11/02/0000055306_001_20241102060111138.png,https://search.pstatic.net/common/?type=b150&src=http://imgnews.naver.net/image/662/2024/11/02/0000055306_001_20241102060111138.png,640,427
88,소주 라벨지 회식 생일주 소주병 술 라벨 스티커 : 기초창고,http://shop1.phinf.naver.net/20241029_73/1730128887930tyOac_PNG/64261672061868546_120809731.png,https://search.pstatic.net/common/?type=b150&src=http://shop1.phinf.naver.net/20241029_73/1730128887930tyOac_PNG/64261672061868546_120809731.png,419,423
89,드디어 보물찾기 성공입니다. 원소주 스피릿 | 알코올 드디어 보물찾기 성공입니다. 원소주 스피릿 | 알코올 | 루리웹,https://i1.ruliweb.com/img/22/07/14/181fcb2a9e14a92ae.jpg,https://search.pstatic.net/sunny/?type=b150&src=https://i1.ruliweb.com/img/22/07/14/181fcb2a9e14a92ae.jpg,900,900
90,노빵 C1 소주잔 24개 세트 보관중미사용 : 싸게 다팜,https://shop-phinf.pstatic.net/20250507_88/1746576576670dA1oz_JPEG/673623450239779_221318554.jpg,https://search.pstatic.net/common/?type=b150&src=https://shop-phinf.pstatic.net/20250507_88/1746576576670dA1oz_JPEG/673623450239779_221318554.jpg,1024,768
91,[전통주] 안동소주일품세트 17도 21도 40도 소주잔2P,https://gi.esmplus.com/gsool18/andong1/ilpum_40_3etc_350/pro_01.jpg,https://search.pstatic.net/sunny/?type=b150&src=https://gi.esmplus.com/gsool18/andong1/ilpum_40_3etc_350/pro_01.jpg,860,1401
92,요카이치 보리소주 25도 900ml [택배배송] - 에누리 가격비교,https://malltail-addon.makeshop.co.kr/webdata/goods_images/467/57467/origin0.jpg,https://search.pstatic.net/sunny/?type=b150&src=https://malltail-addon.makeshop.co.kr/webdata/goods_images/467/57467/origin0.jpg,1000,1000
93,하이트진로 26년만에 두꺼비소주 재생산 예정 - DogDrip.Net 개드립,https://www.dogdrip.net/dvs/c/19/04/20/d30540e6bf4143053f1f08a5f994f77f.jpg,https://search.pstatic.net/sunny/?type=b150&src=https://www.dogdrip.net/dvs/c/19/04/20/d30540e6bf4143053f1f08a5f994f77f.jpg,1913,1080
94,"소주 한 병, 한국 보드카. 번역 스톡 벡터(로열티 프리) 2475614695 | Shutterstock",https://www.shutterstock.com/image-vector/bottle-soju-korean-vodka-translation-600w-2475614695.jpg,https://search.pstatic.net/sunny/?type=b150&src=https://www.shutterstock.com/image-vector/bottle-soju-korean-vodka-translation-600w-2475614695.jpg,600,620
95,[무료시안] 소주병 라벨 스티커 주문제작 6P | 아이디어스 아이디어스,https://image.idus.com/image/files/669b6840d6124a64ab768dc769679498.jpg,https://search.pstatic.net/sunny/?type=b150&src=https://image.idus.com/image/files/669b6840d6124a64ab768dc769679498.jpg,1600,1600
96,부산‧경남 대표소주 ‘대선’ 로고 캘리디자인 참여작 | 라우드소싱,https://cdn-dantats.stunning.kr/prod/portfolios/5088d01b-6330-44d6-9b2f-b68f45fad91f/covers/order_sub_2116166_1_180821234101.jpg.small?t=crop&q=60&f=webp&e=0x0&s=600x600,https://search.pstatic.net/sunny/?type=b150&src=https://cdn-dantats.stunning.kr/prod/portfolios/5088d01b-6330-44d6-9b2f-b68f45fad91f/covers/order_sub_2116166_1_180821234101.jpg.small?t=crop&q=60&f=webp&e=0x0&s=600x600,600,600
97,고소한 쌀 소주 겨울소주 45도 360ml 깊고 진한 쌀의 풍미 가성비 소주 : 술담화 전통주 쇼핑몰,http://shop1.phinf.naver.net/20220608_273/165465625169777bP3_JPEG/%B0%DC%BF%EF%BC%D2%C1%D645.jpg.jpg,https://search.pstatic.net/common/?type=b150&src=http://shop1.phinf.naver.net/20220608_273/165465625169777bP3_JPEG/%B0%DC%BF%EF%BC%D2%C1%D645.jpg.jpg,1000,1000
98,찌부 소주잔 2종,https://moorugi.diskn.com/27fbbAr74K,https://search.pstatic.net/sunny/?type=b150&src=https://moorugi.diskn.com/27fbbAr74K,2200,2200
99,"HDC리조트, '오크밸리 프레스티지 소주' 2025 대한민국 주류 대상 수상",http://imgnews.naver.net/image/5415/2025/03/10/0000232076_001_20250310150008817.jpg,https://search.pstatic.net/common/?type=b150&src=http://imgnews.naver.net/image/5415/2025/03/10/0000232076_001_20250310150008817.jpg,750,1124
100,헤어지자 깨진 소주병 들고 나타난 남자…‘집행유예’가 끝이었다,http://imgnews.naver.net/image/022/2025/03/30/20250330506343_20250330150008470.jpg,https://search.pstatic.net/common/?type=b150&src=http://imgnews.naver.net/image/022/2025/03/30/20250330506343_20250330150008470.jpg,724,483
